safe_address,to,transaction_hash,execution_date
0xBbA4C8eB57DF16c4CfAbe4e9A3Ab697A3e0C65D8,0xfe119e9C24ab79F1bDd5dd884B86Ceea2eE75D92,0x14c57caebf778cd56d0f558bcb752b02c09d17034ca6fd1d008a3b9bb16b2e54,2023-09-04T06:23:59Z
0xBbA4C8eB57DF16c4CfAbe4e9A3Ab697A3e0C65D8,0x6B175474E89094C44Da98b954EedeAC495271d0F,0x69cb2ed192d5d7ceca317fc058b00113f02aa3cfe76046a51e4a92e2153f6016,2023-08-23T18:06:47Z
0xBbA4C8eB57DF16c4CfAbe4e9A3Ab697A3e0C65D8,0xbAFA44EFE7901E04E39Dad13167D089C559c1138,0x2a47e9071bf26e1a33b908da4970680d2601b4a621f1e98fce7dc1a05fa7067e,2023-08-16T18:15:23Z
0xBbA4C8eB57DF16c4CfAbe4e9A3Ab697A3e0C65D8,0xfe119e9C24ab79F1bDd5dd884B86Ceea2eE75D92,0xfd667ea8c8ef944ffb0bb0034e76815ac748c86e79b2b65fb65d6834af5d51a4,2023-08-02T21:58:47Z
0xBbA4C8eB57DF16c4CfAbe4e9A3Ab697A3e0C65D8,0xfe119e9C24ab79F1bDd5dd884B86Ceea2eE75D92,0x7e8484b3284f2a27f97e1ed135f444fd1da86325ceb704b18079dc7ce62bca71,2023-06-28T18:49:11Z
0xBbA4C8eB57DF16c4CfAbe4e9A3Ab697A3e0C65D8,0xA0b86991c6218b36c1d19D4a2e9Eb0cE3606eB48,0x7864d3ac01b93599283b5b6a92da33edca742d25844e947f0d8d99d7a2801e1f,2023-06-28T18:39:35Z
0xBbA4C8eB57DF16c4CfAbe4e9A3Ab697A3e0C65D8,0xdAC17F958D2ee523a2206206994597C13D831ec7,0x76c0cc017361cea2fff34daac0c2bb858612fc1e93f296646ffcb00e9b8ea54f,2023-03-11T17:42:35Z
0xBbA4C8eB57DF16c4CfAbe4e9A3Ab697A3e0C65D8,0xdAC17F958D2ee523a2206206994597C13D831ec7,0x646eed42a37a9fd336b3b26a8ca3cd9e207d4daf1b81bd948235b20080a9f111,2023-03-11T17:29:35Z
0xBbA4C8eB57DF16c4CfAbe4e9A3Ab697A3e0C65D8,0x6B175474E89094C44Da98b954EedeAC495271d0F,0xe5fa9a3608c80d08f92c11705366fedb62357f4ceaa6918267e1c79af34d8760,2023-03-11T00:08:59Z
0xBbA4C8eB57DF16c4CfAbe4e9A3Ab697A3e0C65D8,0x6B175474E89094C44Da98b954EedeAC495271d0F,0x635b7cb6ed3b832d68de1257c6fd5da2966d954397d46f9d2167de32fba06b5a,2023-03-11T00:01:23Z
0xBbA4C8eB57DF16c4CfAbe4e9A3Ab697A3e0C65D8,0xDef1C0ded9bec7F1a1670819833240f027b25EfF,0x4b24914f7800068e2a3efbd5468d730060652eb2e315865b5b266e39fcc69a39,2023-03-10T23:53:35Z
0xBbA4C8eB57DF16c4CfAbe4e9A3Ab697A3e0C65D8,0xDef1C0ded9bec7F1a1670819833240f027b25EfF,0xd6b310cd1762e9ff940e3c4431e197dfd7702e0eb9c9743c91416b189b4555ed,2023-03-10T23:49:11Z
0xBbA4C8eB57DF16c4CfAbe4e9A3Ab697A3e0C65D8,0xA0b86991c6218b36c1d19D4a2e9Eb0cE3606eB48,0xd9b0eddbd75edcfded551c4264b94d68c930c4003932d42c21531207972e04d8,2023-03-10T23:47:47Z
